Year,power_usage,total_carbon_emission
2010,7136033310,3025678.12344
2011,7498557335,3179388.31004
2012,7888599078,3344766.009072
2013,8271026599,3506915.277976
2014,8760311007,3714371.866968
2015,9202084079,3901683.6494960003
2016,9531507778,4041359.297872
2017,9921955239,4206909.021336
2018,10952942429,4644047.589896
2019,11139986615,4723354.32476
2020,11812402993,5008458.869032
2021,12986299479,5506190.979096
2022,13873077449,5882184.8383760005