edu_level,ai_use_rate,avg_use_time,leisure_score,utility_score,sample_count
중졸이하,7.9,61.5,32.89545455,54.75,11
고등학교,8,42.08,2.69924812,3.921342207,133
"2,3년제 전문대학",11.6,40.92,3.472058824,5.036321195,102
4년제이상 대학,16.7,38.48,1.150643087,1.636076999,311
대학원 이상,17.7,116.83,59.33333333,70.05833333,6