age_group,ai_use_rate,avg_use_time,leisure_score,utility_score,sample_count
16~19,16.1,51.32,9.725,13.10846682,233
20~29,20.2,50.2,2.39295302,3.280457344,736
30~39,18.8,38.29,2.424666667,3.441534799,798
40~49,12.2,37.54,3.176106195,4.989632286,933
50~59,8,33.77,4.28875,6.422013889,992
60이상,3.8,30.37,10.35294118,14.3975,888